,img_id,img_name,global_key,class,variety,method,sample_mass_g,rep,legume_fruit_mass_g,legume_seed_mass_g,comments
0,12600,12600.jpg,clmp230yi1020076ed77a3lf3,train,Rocky Mountain Remont,impact_thresher,2,7,2.0189,1.569,
1,9adc6,9adc6.jpg,clmp230ya0zl8076ebecfb0bs,train,Shoshone,belt_thresher,2,5,2.0131,1.677,
2,1cd49,1cd49.jpg,clmp230y50zaw076e47o5dfi1,train,AAC Mountainview,impact_thresher,4,1,4.0014,2.921,
3,6eb3d,6eb3d.jpg,clmp230y90zhc076ea7ipe1am,train,Shoshone,belt_thresher,1,10,1.0075,0.887,
4,7b24d,7b24d.jpg,clmp230y90zhs076e7e8rhu4t,train,Shoshone,belt_thresher,3,8,3.0066,2.736,
5,7f0ee,7f0ee.jpg,clmp230y90zio076e1e7u8jdt,train,Rocky Mountain Remont,impact_thresher,4,8,4.0039,3.117,
6,82b9d,82b9d.jpg,clmp230ye0zsw076e8v5mgkn1,train,AAC Mountainview,impact_thresher,4,5,4.0238,2.944,
7,2fa5a,2fa5a.jpg,clmp230y60zc8076e4sdmbpvx,train,Shoshone,belt_thresher,5,8,5.0104,4.612,
8,48447,48447.jpg,clmp230yi1038076e52ztea4w,train,Delaney,belt_thresher,2,4,2.0116,1.669,
9,74adc,74adc.jpg,clmp230yd0zs8076e29y37s4r,train,Shoshone,belt_thresher,4,3,4.0023,3.419,
10,dee80,dee80.jpg,clmp230yr10l0076e6opt9y8u,train,Shoshone,belt_thresher,3,3,3.0091,2.6,
11,ed3ad,ed3ad.jpg,clmp230yt10ok076e41da89mv,train,Shoshone,impact_thresher,4,1,4.0124,3.203,
12,8a130,8a130.jpg,clmp230y90zjc076efwof5jvu,train,Eski,belt_thresher,4,3,4.009,3.615,
13,c5540,c5540.jpg,clmp230yo10fw076e2tfdhver,train,Delaney,belt_thresher,3,2,3.0084,2.578,
14,35c00,35c00.jpg,clmp230yc0zow076e1acd9ej2,train,Shoshone,belt_thresher,5,6,5.0044,4.591,
15,544d1,544d1.jpg,clmp230yf0zw0076ecof20kh8,train,Rocky Mountain Remont,belt_thresher,4,8,4.0121,3.505,
16,eb913,eb913.jpg,clmp230yt10oc076e8z4uhxjw,train,AAC Mountainview,impact_thresher,3,8,3.0093,2.268,
17,8ec8f,8ec8f.jpg,clmp230ya0zks076e40y86rzq,train,Delaney,impact_thresher,5,3,5.0011,3.666,
18,8bf74,8bf74.jpg,clmp230ya0zjs076e54hedmzd,train,Delaney,belt_thresher,5,3,5.028,4.34,
19,5f09f,5f09f.jpg,clmp230y80zg4076eb7h1ed0k,train,AAC Mountainview,impact_thresher,1,8,1.0011,0.682,
20,29978,29978.jpg,clmp230yi102s076eevnc5z2p,train,Delaney,impact_thresher,2,4,2.0175,1.377,
21,9fbf6,9fbf6.jpg,clmp230yb0zmk076egpnj87j2,train,Delaney,impact_thresher,2,2,2.0105,1.327,
22,0307b,0307b.jpg,clmp230yf0zuw076e163iamm8,train,AAC Mountainview,impact_thresher,3,7,3.0198,2.087,
23,0ad81,0ad81.jpg,clmp230y40z94076edpebfoad,train,Shoshone,impact_thresher,3,1,3.0211,2.503,
24,37a1c,37a1c.jpg,clmp230yc0zp0076ef07ebopw,train,Delaney,impact_thresher,2,1,2.0081,1.343,
25,fe463,fe463.jpg,clmp230yu10s4076eapmudidv,train,Delaney,impact_thresher,5,6,5.0236,3.764,
26,8174,8174.jpg,clmp230yh101g076eevmlf9fg,train,Delaney,belt_thresher,2,10,2.001,1.521,
27,39060,39060.jpg,clmp230yi102w076e2s2r6hu7,train,Eski,impact_thresher,4,5,4.0192,3.133,
28,fa7ae,fa7ae.jpg,clmp230yu10qg076egfz79gh5,train,Shoshone,impact_thresher,2,1,2.0029,1.534,
29,c5525,c5525.jpg,clmp230yo10fs076e78k1gps1,train,Eski,impact_thresher,2,6,2.0018,1.608,
30,28909,28909.jpg,clmp230yi102o076ec29x953d,train,Delaney,belt_thresher,4,5,4.0059,3.25,
31,4c6af,4c6af.jpg,clmp230y70zec076ecyojfy7p,train,Eski,impact_thresher,1,4,1.0116,0.76,
32,e07b1,e07b1.jpg,clmp230ys10m0076ecy5g2dv2,train,Shoshone,belt_thresher,4,2,4.0113,3.592,
33,df097,df097.jpg,clmp230yr10l8076ee5kchcky,train,Shoshone,belt_thresher,4,6,4.0176,3.662,
34,80b7c,80b7c.jpg,clmp230ye0zss076e7bycfy9c,train,Rocky Mountain Remont,impact_thresher,5,9,5.0035,4.138,
35,358df,358df.jpg,clmp230yf0zv4076ecyvy4na1,train,Delaney,belt_thresher,2,3,2.0156,1.725,
36,c16e5,c16e5.jpg,clmp230yn10es076e40bg4jj1,train,AAC Mountainview,impact_thresher,2,3,2.0105,1.44,
37,bc935,bc935.jpg,clmp230yn10dg076eg5fy0kn5,train,Shoshone,impact_thresher,5,9,5.0251,4.377,
38,ae826,ae826.jpg,clmp230yl1094076eahaz725r,train,AAC Mountainview,belt_thresher,4,3,4.0116,3.29,
39,81845,81845.jpg,clmp230yj105g076e35s16ycu,train,AAC Mountainview,impact_thresher,2,5,2.0161,1.388,
40,5fea6,5fea6.jpg,clmp230y80zgc076ehj9ug1jj,train,Shoshone,impact_thresher,3,5,3.0056,2.389,
41,4cfbc,4cfbc.jpg,clmp230y70zeo076efifj5rje,train,Shoshone,impact_thresher,1,1,1.0195,0.767,
42,14eeb,14eeb.jpg,clmp230yb0zng076eal5n9dh2,train,AAC Mountainview,belt_thresher,5,3,5.0234,4.233,
43,94afa,94afa.jpg,clmp230ye0ztw076efbov2mwv,train,Rocky Mountain Remont,impact_thresher,3,8,3.01,2.382,
44,e35c8,e35c8.jpg,clmp230ys10mk076e561z1el7,train,Delaney,belt_thresher,4,1,4.0124,3.187,
45,e3f3a,e3f3a.jpg,clmp230ys10lo076eafie5rub,train,Eski,impact_thresher,1,3,1.0169,0.741,
46,0733c,0733c.jpg,clmp230yf0zwo076e8iyfg8r0,train,Shoshone,belt_thresher,2,10,2.0211,1.791,
47,cfffb,cfffb.jpg,clmp230yq10i8076e3jzacpru,train,Eski,belt_thresher,3,4,3.0044,2.608,
48,6d50c,6d50c.jpg,clmp230y80zh4076edb9bbsft,train,Delaney,impact_thresher,2,8,2.0078,1.287,
49,cf7c6,cf7c6.jpg,clmp230yq10hw076e0qqz1wd8,train,Rocky Mountain Remont,belt_thresher,5,7,5.023,4.342,
50,82f51,82f51.jpg,clmp230ye0zt0076e79hm17h1,train,Shoshone,impact_thresher,5,2,5.0056,4.148,
51,88081,88081.jpg,clmp230yj105s076e9pqm30kh,train,Shoshone,impact_thresher,1,10,1.0092,0.756,
52,af868,af868.jpg,clmp230yl109o076e8vgd0det,train,AAC Mountainview,impact_thresher,4,4,4.0121,2.949,
53,0b434,0b434.jpg,clmp230y40z9c076edqi47czz,train,Delaney,impact_thresher,3,3,3.0085,1.944,
54,c8936,c8936.jpg,clmp230yo10g0076efgun1nc9,train,Shoshone,belt_thresher,3,5,3.0033,2.556,
55,9a120,9a120.jpg,clmp230ya0zl4076ed2td41xs,train,Delaney,impact_thresher,2,6,2.0289,1.288,
56,49dde,49dde.jpg,clmp230yc0zpw076ecji62nf7,train,Eski,belt_thresher,2,2,2.0007,1.771,
57,483a2,483a2.jpg,clmp230yf0zvo076eftdsfcma,train,Rocky Mountain Remont,belt_thresher,1,1,1.0008,0.84,
58,fdf8d,fdf8d.jpg,clmp230yu10ro076edwerdhit,train,Delaney,belt_thresher,2,9,2.0026,1.634,
59,55a33,55a33.jpg,clmp230yd0zq8076e5cpa7tu4,train,Delaney,impact_thresher,1,1,1.0144,0.624,
60,707f6,707f6.jpg,clmp230yf0zwk076egfh6cq1j,train,Eski,impact_thresher,3,2,3.0147,2.186,
61,69af4,69af4.jpg,clmp230yd0zrk076e0kayd916,train,Shoshone,impact_thresher,5,10,5.0238,4.223,
62,9dc6c,9dc6c.jpg,clmp230yb0zlw076egtf48hz9,train,Shoshone,impact_thresher,1,9,1.0101,0.706,
63,3fcec,3fcec.jpg,clmp230y60zdg076e46pu7qnl,train,AAC Mountainview,belt_thresher,4,10,4.0108,3.271,
64,4e4c4,4e4c4.jpg,clmp230y70zf0076eav0n43me,train,Shoshone,belt_thresher,5,5,5.0186,4.411,
65,21f5b,21f5b.jpg,clmp230yc0zo0076e469rb722,train,Delaney,belt_thresher,1,4,1.0025,0.797,
66,ce046,ce046.jpg,clmp230yp10hk076e0bvwhn0l,train,Eski,belt_thresher,5,5,5.0049,4.244,
67,f69d8,f69d8.jpg,clmp230yt10pc076ecxuye4ja,train,Eski,belt_thresher,5,1,5.0093,4.643,
68,af38e,af38e.jpg,clmp230yl109k076edff94h92,train,AAC Mountainview,impact_thresher,3,2,3.0015,2.141,
69,bc1c2,bc1c2.jpg,clmp230yn10dc076eavp0gnxy,train,Rocky Mountain Remont,impact_thresher,2,1,2.0102,1.564,
70,7e80f,7e80f.jpg,clmp230y90zig076e87np6iir,train,Delaney,belt_thresher,3,9,3.0157,2.493,
71,a3358,a3358.jpg,clmp230yk1088076e9pra4w4i,train,Eski,impact_thresher,5,6,5.0141,4.063,
72,1e90e,1e90e.jpg,clmp230y50zbc076e9f91f567,train,AAC Mountainview,impact_thresher,5,2,5.0026,3.901,
73,20292,20292.jpg,clmp230yi102c076e5e94dmxh,train,Eski,belt_thresher,5,9,5.009,4.565,
74,460aa,460aa.jpg,clmp230yf0zvc076e0bi0aaty,train,Rocky Mountain Remont,belt_thresher,3,9,3.0006,2.616,
75,9e83d,9e83d.jpg,clmp230yb0zmc076ediblhyi6,train,Eski,impact_thresher,3,9,3.015,2.334,
76,3de24,3de24.jpg,clmp230y60zd0076e4cby5h0e,train,Rocky Mountain Remont,belt_thresher,3,8,3.0013,2.501,
77,e6315,e6315.jpg,clmp230ys10ng076e9hqnhhvj,train,AAC Mountainview,impact_thresher,4,3,4.0023,2.994,
78,c8f91,c8f91.jpg,clmp230yn10ek076eaaml7ghy,train,AAC Mountainview,impact_thresher,1,2,1.0087,0.669,
79,2c05d,2c05d.jpg,clmp230y60zbo076edvja57hy,train,Delaney,belt_thresher,1,6,1.0054,0.821,
80,2b790,2b790.jpg,clmp230y50zbk076e9nwv8p1z,train,Eski,impact_thresher,1,10,1.0198,0.704,
81,56d81,56d81.jpg,clmp230yd0zqc076e91rog7e4,train,Shoshone,belt_thresher,5,10,5.0037,4.262,
82,df26f,df26f.jpg,clmp230yr10l4076e51eo6jl6,train,AAC Mountainview,belt_thresher,2,3,2.0116,1.598,
83,c44fa,c44fa.jpg,clmp230yn10f0076e2gl22pav,train,Rocky Mountain Remont,belt_thresher,2,9,2.0009,1.733,
84,ded7f,ded7f.jpg,clmp230yr10ks076eajowhtl6,train,Eski,belt_thresher,1,3,1.001,0.842,
85,6f0fb,6f0fb.jpg,clmp230y90zhg076e93snf3ar,train,Eski,impact_thresher,2,4,2.015,1.477,
86,c434c,c434c.jpg,clmp230yn10fc076e4zgmbp3f,train,Eski,impact_thresher,2,9,2.0227,1.504,
87,e79f2,e79f2.jpg,clmp230ys10ms076e2sc7dtvr,train,Shoshone,impact_thresher,2,4,2.0011,1.542,
88,a4af5,a4af5.jpg,clmp230yk106w076e0r3w2ge8,train,Shoshone,impact_thresher,3,9,3.0193,2.259,
89,ba59c,ba59c.jpg,clmp230ym10d0076ehig8gr5s,train,Delaney,impact_thresher,4,6,4.0025,2.994,
90,5791f,5791f.jpg,clmp230yh1004076efevzgayf,train,Shoshone,impact_thresher,4,4,4.014,3.324,
91,45ada,45ada.jpg,clmp230yc0zpk076eexak7obf,train,Eski,belt_thresher,5,6,5.0106,4.475,
92,4a3e7,4a3e7.jpg,clmp230y70zdk076egw0ehwtl,train,Delaney,impact_thresher,5,1,5.0089,3.887,
93,5e0c0,5e0c0.jpg,clmp230y80zg0076e1zjmfec8,train,AAC Mountainview,belt_thresher,1,10,1.0111,0.773,
94,cb77c,cb77c.jpg,clmp230yo10go076e0qx7db4x,train,AAC Mountainview,belt_thresher,3,7,3.0222,2.374,
95,19135,19135.jpg,clmp230yi1024076ee4fi97cx,train,AAC Mountainview,belt_thresher,1,5,1.0173,0.799,
96,dcd29,dcd29.jpg,clmp230yr10k8076e9n703v8g,train,AAC Mountainview,belt_thresher,5,1,5.0073,4.104,
97,0efcd,0efcd.jpg,clmp230y50z9w076ehwa057mf,train,AAC Mountainview,belt_thresher,5,8,5.0122,4.19,
98,f7c95,f7c95.jpg,clmp230yt10ow076e5n2n302p,train,Rocky Mountain Remont,belt_thresher,3,3,3.0209,2.711,
99,1668c,1668c.jpg,clmp230yg0zyg076e7cdmcy6c,train,Rocky Mountain Remont,impact_thresher,3,10,3.0105,2.321,
100,87c1d,87c1d.jpg,clmp230ye0ztg076ehw5dcdf3,train,Eski,impact_thresher,3,7,3.0142,2.339,
101,6488,6488.jpg,clmp230yh100g076edgmdbx6f,train,Eski,impact_thresher,4,3,4.0267,3.299,
102,7164d,7164d.jpg,clmp230yh100k076e5kn1e4ru,train,Eski,belt_thresher,1,10,1.0156,0.866,
103,2ffd4,2ffd4.jpg,clmp230y60zcc076egcql1ff4,train,Eski,belt_thresher,2,1,2.0086,1.832,
104,99431,99431.jpg,clmp230yk106k076e7mfc8kht,train,Delaney,impact_thresher,5,5,5.008,3.952,
105,4d0c3,4d0c3.jpg,clmp230y70zes076eg7cygwvr,train,AAC Mountainview,impact_thresher,2,9,2.0104,1.428,
106,b05e6,b05e6.jpg,clmp230yl10ac076eh41s6cwq,train,Eski,impact_thresher,5,5,5.0118,3.982,
107,65399,65399.jpg,clmp230yj1048076eahnt9ui1,train,Shoshone,impact_thresher,3,8,3.0131,2.38,
108,b0232,b0232.jpg,clmp230ym10c4076eaoi1fuul,train,Eski,impact_thresher,2,1,2.0104,1.411,
109,014c3,014c3.jpg,clmp230yb0zn8076eaiurcphq,train,Shoshone,belt_thresher,4,7,4.0097,3.632,
110,d6ac8,d6ac8.jpg,clmp230yq10io076ecbttaq5i,train,Rocky Mountain Remont,belt_thresher,1,7,1.0065,0.839,
111,cd595,cd595.jpg,clmp230yp10h8076eg2n852e0,train,Eski,belt_thresher,2,9,1.9994,1.666,
112,786b7,786b7.jpg,clmp230yg0zx8076e5nce3kr0,train,Rocky Mountain Remont,belt_thresher,3,2,3.0042,2.746,
113,0fcde,0fcde.jpg,clmp230y50za4076e449ict9q,train,Rocky Mountain Remont,impact_thresher,5,3,5.0086,4.252,
114,9e3e0,9e3e0.jpg,clmp230yb0zm0076eg485c2ay,train,Shoshone,impact_thresher,3,4,3.0004,2.24,
115,622f1,622f1.jpg,clmp230yf0zw8076egjcw1pmc,train,AAC Mountainview,impact_thresher,2,7,2.0102,1.427,
116,ffbf1,ffbf1.jpg,clmp230yu10sg076e92f371sj,train,Delaney,impact_thresher,3,6,2.9995,2.054,
117,62bab,62bab.jpg,clmp230yd0zr4076ea2qifsjb,train,Rocky Mountain Remont,impact_thresher,4,3,4.0046,3.027,
118,de95d,de95d.jpg,clmp230yr10ko076e8txx0m2p,train,Shoshone,impact_thresher,5,6,5.0083,4.11,
119,5800e,5800e.jpg,clmp230yh1008076e6ycobdp3,train,AAC Mountainview,belt_thresher,3,8,3.0051,2.433,
120,bfe14,bfe14.jpg,clmp230yn10e8076ecf941g4d,train,Delaney,belt_thresher,5,10,5.0237,4.258,
121,72e68,72e68.jpg,clmp230yd0zs4076e0lctcq2w,train,Eski,impact_thresher,1,6,1.0075,0.689,
122,152d3,152d3.jpg,clmp230ye0zuc076eankj8axc,train,AAC Mountainview,impact_thresher,3,3,3.0064,2.21,
123,7c1be,7c1be.jpg,clmp230y90zhw076e0w85g93d,train,Delaney,belt_thresher,5,5,5.0159,4.303,
124,74833,74833.jpg,clmp230yj1054076e8kvf3k1h,train,AAC Mountainview,belt_thresher,4,6,4.0169,3.335,
125,8d261,8d261.jpg,clmp230ya0zkc076eabt0h23y,train,Eski,belt_thresher,3,3,3.0071,2.568,
126,9c1f9,9c1f9.jpg,clmp230ya0zlk076e9pw940q6,train,AAC Mountainview,belt_thresher,5,5,5.0196,4.107,
127,af6a0,af6a0.jpg,clmp230yl109g076e6qj83r1e,train,Eski,impact_thresher,3,10,3.0097,2.243,
128,3dcde,3dcde.jpg,clmp230y60zcw076e6duh5n2y,train,Shoshone,belt_thresher,5,7,5.0133,4.491,
129,3638b,3638b.jpg,clmp230yh0zzo076e51sk9xh7,train,Rocky Mountain Remont,impact_thresher,5,8,5.012,4.116,
130,679cd,679cd.jpg,clmp230yf0zwg076ec2g4h9t2,train,Rocky Mountain Remont,belt_thresher,2,2,2.0197,1.644,
131,b37f9,b37f9.jpg,clmp230ym10bg076e10u267h8,train,Eski,belt_thresher,3,5,3.0217,2.516,
132,6a943,6a943.jpg,clmp230y80zgg076e7m1517xb,train,Delaney,belt_thresher,3,1,3.0236,2.479,
133,fb8ea,fb8ea.jpg,clmp230yu10r4076e9d7ja6qc,train,AAC Mountainview,belt_thresher,2,9,2.0167,1.595,
134,11744,11744.jpg,clmp230yi101w076efsfw3zyq,train,Shoshone,belt_thresher,1,9,1.0053,0.769,
135,085dd,085dd.jpg,clmp230ye0zt4076e7xd82ugp,train,AAC Mountainview,belt_thresher,1,6,0.9997,0.682,
136,71de9,71de9.jpg,clmp230yd0zs0076efm4y8a55,train,AAC Mountainview,impact_thresher,1,5,1.0151,0.631,
137,9addf,9addf.jpg,clmp230ya0zlc076ehzrphbci,train,Rocky Mountain Remont,impact_thresher,2,2,2.0203,1.528,
138,6082c,6082c.jpg,clmp230yh100c076ed1nccinb,train,Eski,belt_thresher,3,8,3.0055,2.769,
139,b1b08,b1b08.jpg,clmp230yl10a0076e0gco9bpw,train,AAC Mountainview,belt_thresher,2,8,2.0041,1.581,
140,20448,20448.jpg,clmp230yi102g076e6vuvcbou,train,AAC Mountainview,impact_thresher,4,8,4.0124,3.094,
141,f9357,f9357.jpg,clmp230yu10q4076ecn3db3se,train,Eski,impact_thresher,3,5,3.0007,2.309,
142,b824c,b824c.jpg,clmp230ym10cc076e5hogg55p,train,AAC Mountainview,belt_thresher,5,2,5.0102,4.108,
143,72289,72289.jpg,clmp230yj1050076ecfgrhj6x,train,Rocky Mountain Remont,impact_thresher,1,1,1.0052,0.583,
144,ca456,ca456.jpg,clmp230yo10gc076ecmpahl18,train,Rocky Mountain Remont,belt_thresher,5,8,5.0076,4.524,
145,d45c6,d45c6.jpg,clmp230yq10j0076e5hhe7rcl,train,Shoshone,impact_thresher,4,2,4.0114,3.259,
146,45981,45981.jpg,clmp230yi1034076e858c4bqq,train,Delaney,impact_thresher,3,7,3.0025,2.203,
147,ca11a,ca11a.jpg,clmp230yo10g4076egsg3774v,train,AAC Mountainview,impact_thresher,1,7,1.0083,0.675,
148,70f8e,70f8e.jpg,clmp230yd0zrw076e4d4rgzmr,train,Shoshone,belt_thresher,3,2,3.015,2.662,
149,13a10,13a10.jpg,clmp230yb0zmw076eh92t3bz3,train,Rocky Mountain Remont,impact_thresher,2,10,2.0085,1.542,
150,b9d0e,b9d0e.jpg,clmp230ym10b0076e6ezngplh,train,AAC Mountainview,belt_thresher,2,1,2.0212,1.593,
151,cdea8,cdea8.jpg,clmp230yp10hg076ecmspf2rf,train,Shoshone,impact_thresher,4,8,4.0021,3.213,
152,4c1a4,4c1a4.jpg,clmp230y70ze4076e59ff76eu,train,Rocky Mountain Remont,impact_thresher,3,6,3.0245,2.404,
153,3a89b,3a89b.jpg,clmp230y60zcg076e1pas83k6,train,Rocky Mountain Remont,belt_thresher,5,5,5.0159,4.605,
154,bc0b7,bc0b7.jpg,clmp230yn10d8076ecln41eos,train,Rocky Mountain Remont,impact_thresher,2,8,2.0054,1.456,
155,4c980,4c980.jpg,clmp230y70zeg076e5g8xh14i,train,AAC Mountainview,belt_thresher,3,6,3.0153,2.352,
156,a32c1,a32c1.jpg,clmp230yk107g076e8zny8ngd,train,Eski,belt_thresher,3,10,3.0092,2.669,
157,60291,60291.jpg,clmp230yj103w076eh2ns7ykj,train,Shoshone,belt_thresher,4,8,4.0074,3.417,
158,b03ce,b03ce.jpg,clmp230yl10a8076e2cso89vh,train,Shoshone,belt_thresher,3,1,3.0076,2.624,
159,e7afc,e7afc.jpg,clmp230ys10lw076eb124g7y6,train,Rocky Mountain Remont,impact_thresher,3,1,3.0109,2.432,
160,17b4d,17b4d.jpg,clmp230yb0zno076e1e75avlo,train,Eski,belt_thresher,3,1,3.0164,2.662,
161,253d0,253d0.jpg,clmp230ye0zuo076eepgadl9i,train,Rocky Mountain Remont,impact_thresher,5,2,5.0062,4.363,
162,e9614,e9614.jpg,clmp230yt10ns076ef2e1g3o7,train,Eski,belt_thresher,5,2,5.0243,4.621,
163,93fa3,93fa3.jpg,clmp230ye0zts076eegtegnd9,train,AAC Mountainview,belt_thresher,2,7,2.0049,1.572,
164,fe1b0,fe1b0.jpg,clmp230yu10rw076ehn4m6zk3,train,AAC Mountainview,belt_thresher,2,2,2.0015,1.531,
165,93642,93642.jpg,clmp230yj1064076e5lxzgfo3,train,Shoshone,impact_thresher,4,9,4.0106,3.127,
166,4cd95,4cd95.jpg,clmp230y70zek076efpxufw6b,train,Delaney,impact_thresher,4,4,4.018,3.018,
167,c4baf,c4baf.jpg,clmp230yn10ec076ea6qp0szk,train,Eski,impact_thresher,5,9,5.0157,4.208,
168,45c5c,45c5c.jpg,clmp230yc0zpo076edmk79i75,train,Eski,impact_thresher,5,3,5.0014,4.108,
169,f86b4,f86b4.jpg,clmp230yt10pg076ehdop6gih,train,Eski,impact_thresher,3,4,3.0023,2.338,
170,8baa7,8baa7.jpg,clmp230ya0zjo076e0k8d8pjl,train,AAC Mountainview,belt_thresher,4,7,4.0031,3.414,
171,62a26,62a26.jpg,clmp230yd0zr0076eanhj688c,train,Shoshone,impact_thresher,2,9,2.0029,1.652,
172,dd6de,dd6de.jpg,clmp230yr10kg076ec179ekd4,train,Shoshone,belt_thresher,4,5,4.0081,3.645,
173,60d78,60d78.jpg,clmp230yd0zqw076e21h9hgf0,train,Rocky Mountain Remont,belt_thresher,1,6,1.0104,0.876,
174,d7075,d7075.jpg,clmp230yq10jc076e482rdjue,train,Rocky Mountain Remont,belt_thresher,1,10,1.0037,0.828,
175,674d8,674d8.jpg,clmp230yf0zwc076eb3ai8adq,train,Rocky Mountain Remont,belt_thresher,4,1,4.0216,3.743,
176,23f28,23f28.jpg,clmp230yc0zo4076eg11b8u3i,train,AAC Mountainview,belt_thresher,4,1,4.0169,3.259,
177,4078c,4078c.jpg,clmp230yh0zzw076ecc6f5tvt,train,Eski,belt_thresher,2,10,2.0097,1.75,
178,b2016,b2016.jpg,clmp230ym10cg076edsawevhm,train,AAC Mountainview,impact_thresher,2,2,2.0073,1.384,
179,8c563,8c563.jpg,clmp230ya0zk4076e3q258osw,train,Rocky Mountain Remont,belt_thresher,2,5,2.01,1.767,
180,4a95c,4a95c.jpg,clmp230y70zdo076ebdya6qvl,train,AAC Mountainview,impact_thresher,5,3,5.0039,3.939,
181,f8bc4,f8bc4.jpg,clmp230yt10p0076eaegyeal9,train,Delaney,impact_thresher,2,10,2.0019,1.408,
182,2829,2829.jpg,clmp230yh0zzc076ea0ug0nne,train,Delaney,belt_thresher,2,7,2.0037,1.644,
183,402fc,402fc.jpg,clmp230yf0zv8076e0lk83xem,train,AAC Mountainview,impact_thresher,2,10,2.0014,1.34,
184,a23cd,a23cd.jpg,clmp230yk107c076edpecfyww,train,Eski,impact_thresher,4,8,4.0194,3.271,
185,b0d1a,b0d1a.jpg,clmp230yl109w076e78n7ba9a,train,Shoshone,impact_thresher,5,8,5.0124,4.248,
186,98e2f,98e2f.jpg,clmp230ye0zu4076e7vh6f5rw,train,Shoshone,impact_thresher,3,3,3.0067,2.331,
187,ac89a,ac89a.jpg,clmp230yl108s076ecd9j8zcm,train,Eski,belt_thresher,2,4,2.0193,1.799,
188,1d9e6,1d9e6.jpg,clmp230y50zb0076e6rji8ws4,train,Delaney,impact_thresher,4,9,4.0193,2.904,
189,e17a2,e17a2.jpg,clmp230ys10mg076ecjmf3xzb,train,Rocky Mountain Remont,impact_thresher,4,7,4.0118,3.404,
190,e4a00,e4a00.jpg,clmp230ys10ls076ecsgm1fd0,train,AAC Mountainview,belt_thresher,2,6,2.0108,1.651,
191,6d9ed,6d9ed.jpg,clmp230y80zh0076e6m8abyu1,train,AAC Mountainview,belt_thresher,3,10,3.0169,2.438,
192,86a36,86a36.jpg,clmp230ye0zt8076e9y6kbi8p,train,Shoshone,belt_thresher,2,3,2.0108,1.763,
193,51a6c,51a6c.jpg,clmp230yc0zq0076ee6bqg7cv,train,Shoshone,impact_thresher,2,7,2.0147,1.682,
194,68272,68272.jpg,clmp230yj104o076e5jjd9cgt,train,Shoshone,belt_thresher,2,2,2.0027,1.772,
195,7860b,7860b.jpg,clmp230yh1014076eca0j7ul9,train,AAC Mountainview,belt_thresher,4,4,4.0123,3.311,
196,8149e,8149e.jpg,clmp230yh1018076eh686ay5y,train,Rocky Mountain Remont,belt_thresher,1,2,1.0066,0.841,
197,4d651,4d651.jpg,clmp230y70zew076e4gmfb9o7,train,Eski,impact_thresher,4,2,4.0026,3.363,
198,bd6b6,bd6b6.jpg,clmp230yn10dk076e71s4f0ez,train,Rocky Mountain Remont,impact_thresher,1,4,1.014,0.736,
199,5ceaa,5ceaa.jpg,clmp230y80zfo076e2s8v6nsn,train,Delaney,impact_thresher,5,7,5.0052,3.916,
200,d2224,d2224.jpg,clmp230yq10j8076ec1fr50so,train,Rocky Mountain Remont,impact_thresher,1,3,1.0027,0.752,
201,7640a,7640a.jpg,clmp230yh1010076e7ppkbh3j,train,Eski,impact_thresher,5,4,5.0138,4.073,
202,2c594,2c594.jpg,clmp230y60zbw076ebcxhds5e,train,Shoshone,impact_thresher,1,4,1.0311,0.814,
203,f2304,f2304.jpg,clmp230yt10pw076eh3f9e8cl,train,Shoshone,impact_thresher,2,3,2.0022,1.55,
204,8c4b0,8c4b0.jpg,clmp230ya0zjw076e3owwgiee,train,Eski,belt_thresher,4,8,4.0127,3.534,
205,b5060,b5060.jpg,clmp230ym10ck076e8p0bf2jc,train,AAC Mountainview,belt_thresher,3,3,3.0149,2.468,
206,91877,91877.jpg,clmp230yj105w076e9rh6cun4,train,Rocky Mountain Remont,belt_thresher,2,6,2.0138,1.839,
207,1c2c2,1c2c2.jpg,clmp230y50zak076eb7cybwqm,train,Shoshone,belt_thresher,2,6,2.0083,1.736,
208,8e34b,8e34b.jpg,clmp230ya0zko076e8ph0goam,train,Rocky Mountain Remont,belt_thresher,4,2,4.006,3.603,
209,2420b,2420b.jpg,clmp230yg0zyw076ehj9o75ec,train,Rocky Mountain Remont,belt_thresher,4,6,4.0002,3.568,
210,143b3,143b3.jpg,clmp230ye0zu8076e34sv64w0,train,Eski,belt_thresher,5,10,5.0127,4.538,
211,42a81,42a81.jpg,clmp230yc0zp8076ec4428r4q,train,Shoshone,belt_thresher,1,7,1.0145,0.854,
212,468a2,468a2.jpg,clmp230yf0zvg076ed1vuequl,train,Delaney,belt_thresher,3,10,3.0034,2.446,
213,a73f2,a73f2.jpg,clmp230yk107w076e98r8322c,train,Rocky Mountain Remont,impact_thresher,3,9,3.0226,2.317,
214,cf2d7,cf2d7.jpg,clmp230yp10ho076edbkxcfnt,train,Delaney,belt_thresher,1,1,1.0156,0.776,
215,bd7ba,bd7ba.jpg,clmp230yn10do076e6l0x1eeq,train,Shoshone,belt_thresher,3,9,3.0216,2.657,
216,19ac5,19ac5.jpg,clmp230yb0znw076e2kynaty4,train,Eski,belt_thresher,4,10,4.0213,3.716,
217,08db5,08db5.jpg,clmp230ya0zkg076e9ie52v5w,train,Delaney,belt_thresher,4,7,4.022,3.481,
218,da72a,da72a.jpg,clmp230yr10js076e0ogxda1q,train,Shoshone,belt_thresher,1,8,1.0062,0.847,
219,532f2,532f2.jpg,clmp230yf0zvw076e53cx9tpt,train,Rocky Mountain Remont,impact_thresher,4,1,4.0022,3.518,
220,778fa,778fa.jpg,clmp230yg0zx4076eam8wa33r,train,Rocky Mountain Remont,impact_thresher,3,2,3.0138,2.369,
221,fac15,fac15.jpg,clmp230yu10qk076e5uaa829h,train,AAC Mountainview,impact_thresher,3,1,3.0095,2.23,
222,2623d,2623d.jpg,clmp230yg0zz8076e0g1f9ysq,train,Eski,belt_thresher,4,7,4.0153,3.55,
223,5d65c,5d65c.jpg,clmp230y80zfw076e4my86e1a,train,AAC Mountainview,belt_thresher,1,3,1.0116,0.803,
224,26d5f,26d5f.jpg,clmp230yc0zog076e1y6vfzdd,train,Delaney,impact_thresher,1,3,1.0039,0.726,
225,976d6,976d6.jpg,clmp230yg0zy0076e2exx0b1y,train,Delaney,impact_thresher,5,10,5.0013,3.765,
226,ee487,ee487.jpg,clmp230yt10os076e7wy2e7gq,train,Delaney,belt_thresher,4,2,4.0034,3.59,
227,153ec,153ec.jpg,clmp230ye0zug076e54eddatp,train,Eski,impact_thresher,5,8,5.0062,4.141,
228,44bd5,44bd5.jpg,clmp230yc0zpg076e18b5hlrg,train,Eski,belt_thresher,5,3,5.0025,4.401,
229,65132,65132.jpg,clmp230yj1044076eht7waebq,train,AAC Mountainview,impact_thresher,2,4,2.0005,1.538,
230,d8801,d8801.jpg,clmp230yq10jk076ed5f16i6i,train,Eski,impact_thresher,3,3,3.0116,2.388,
231,87a5e,87a5e.jpg,clmp230ye0ztc076e15g05q20,train,Shoshone,impact_thresher,4,10,4.0031,3.14,
232,1c4f6,1c4f6.jpg,clmp230y50zao076eczxggq5p,train,Delaney,impact_thresher,3,1,3.0135,2.139,
233,e0a8c,e0a8c.jpg,clmp230ys10lc076e0irt2jjt,train,Rocky Mountain Remont,impact_thresher,1,2,1.0081,0.676,
234,4ea65,4ea65.jpg,clmp230y70zf8076e715h67jg,train,Delaney,impact_thresher,4,7,4.0161,2.924,
235,8668d,8668d.jpg,clmp230yh101k076eg01ab3yw,train,AAC Mountainview,impact_thresher,3,5,3.0048,2.045,
236,96f3e,96f3e.jpg,clmp230ye0zu0076e5mwo5ufq,train,Eski,belt_thresher,1,5,1.0038,0.813,
237,facea,facea.jpg,clmp230yu10qo076e8piegk6o,train,Delaney,belt_thresher,5,1,5.0184,4.314,
238,be834,be834.jpg,clmp230yn10e4076e7fqt6t1z,train,AAC Mountainview,impact_thresher,4,6,4.0117,3.046,
239,d2bc8,d2bc8.jpg,clmp230yq10ic076efd3pf0ol,train,Delaney,impact_thresher,4,10,4.0153,2.839,
240,fa2be,fa2be.jpg,clmp230yu10q8076edipr58xt,train,Eski,impact_thresher,2,2,2.0089,1.455,
241,be55d,be55d.jpg,clmp230yn10e0076e0itdg18k,train,Eski,belt_thresher,1,7,1.0237,0.851,
242,6ab5f,6ab5f.jpg,clmp230y80zgk076e4r8r1c88,train,Rocky Mountain Remont,belt_thresher,2,8,2.0093,2.584,
243,958a9,958a9.jpg,clmp230yg0zxw076egpg9031v,train,Delaney,impact_thresher,2,7,2.0125,1.283,
244,8edbf,8edbf.jpg,clmp230ya0zkw076e1kax8iyn,train,AAC Mountainview,impact_thresher,1,10,1.0084,0.671,
245,8dbce,8dbce.jpg,clmp230ya0zkk076ehlrecc2k,train,Shoshone,belt_thresher,5,3,5.0064,4.545,
246,c806e,c806e.jpg,clmp230yo10fk076ee08l9ld8,train,Shoshone,impact_thresher,2,5,2.0065,1.617,
247,f87fc,f87fc.jpg,clmp230yt10pk076e9mco75kb,train,Delaney,impact_thresher,3,8,3.0074,2.058,
248,abd64,abd64.jpg,clmp230yl108k076edncy1pej,train,Eski,belt_thresher,1,9,1.017,0.826,
249,78b57,78b57.jpg,clmp230ye0zsg076egb0t6wxs,train,Rocky Mountain Remont,impact_thresher,2,5,2.0056,1.529,
250,a32fa,a32fa.jpg,clmp230yk107k076e8e2sc6s2,train,Rocky Mountain Remont,impact_thresher,4,6,3.9986,3.15,
251,c64db,c64db.jpg,clmp230yn10f4076edsincqy9,train,Shoshone,belt_thresher,4,9,4.0066,3.513,
252,4c1d4,4c1d4.jpg,clmp230y70ze8076e557wgjpt,train,Delaney,belt_thresher,3,6,3.0074,2.479,
253,be1b4,be1b4.jpg,clmp230yn10ds076e5i2db1lk,train,AAC Mountainview,impact_thresher,4,2,4.0118,3.033,
254,7d8ff,7d8ff.jpg,clmp230y90zi8076eeqw961ml,train,Rocky Mountain Remont,belt_thresher,1,3,1.009,0.868,
255,4e765,4e765.jpg,clmp230y70zf4076ecwpza5hx,train,Shoshone,impact_thresher,4,3,4.0143,3.372,
256,765cc,765cc.jpg,clmp230yf0zww076ebapx282q,train,Rocky Mountain Remont,belt_thresher,2,10,2.0208,1.66,
257,56ed4,56ed4.jpg,clmp230yd0zqg076eek0j9rxc,train,AAC Mountainview,belt_thresher,3,1,2.9999,2.391,
258,b57ec,b57ec.jpg,clmp230ym10bs076e46dpao9m,train,Rocky Mountain Remont,impact_thresher,4,4,4.0095,2.951,
259,1d68b,1d68b.jpg,clmp230y50zb4076efjb1eqbo,train,Delaney,impact_thresher,3,10,3.0038,2.094,
260,ed8d3,ed8d3.jpg,clmp230yt10oo076eh6ym6sap,train,Rocky Mountain Remont,impact_thresher,5,5,5.0221,4.176,
261,6fd83,6fd83.jpg,clmp230y90zhk076egke75w4j,train,Rocky Mountain Remont,impact_thresher,5,1,5.0101,4.237,
262,a4ecb,a4ecb.jpg,clmp230yk1070076e8hb89u46,train,Shoshone,belt_thresher,1,3,1.0061,0.828,
263,43cdb,43cdb.jpg,clmp230yc0zpc076eha2h8ohv,train,Shoshone,belt_thresher,3,6,3.0175,2.775,
264,fdf85,fdf85.jpg,clmp230yu10rs076ebxsl5tod,train,Delaney,impact_thresher,5,2,5.0144,3.852,
265,8add7,8add7.jpg,clmp230ya0zjk076e6k205du1,train,Shoshone,impact_thresher,5,7,5.0212,4.044,
266,562a7,562a7.jpg,clmp230yf0zw4076ee8qe3k61,train,Rocky Mountain Remont,belt_thresher,5,6,5.0199,4.581,
267,b27f2,b27f2.jpg,clmp230ym10b8076e4rbhgn5y,train,AAC Mountainview,belt_thresher,2,10,2.0194,1.58,
268,0b5e8,0b5e8.jpg,clmp230y40z98076e2jrd6an5,train,Eski,belt_thresher,5,4,5.0145,4.592,
269,7dcf5,7dcf5.jpg,clmp230y90zic076e2feshf7f,train,AAC Mountainview,belt_thresher,4,9,4.0038,3.285,
270,3683f,3683f.jpg,clmp230yh0zzs076e8gmi63tb,train,Delaney,belt_thresher,1,10,1.0012,0.833,
271,3e5b1,3e5b1.jpg,clmp230y60zd4076e7ubt1jnt,train,AAC Mountainview,belt_thresher,1,8,1.0052,0.81,
272,028d3,028d3.jpg,clmp230yc0zok076e51iz27kj,train,Rocky Mountain Remont,belt_thresher,1,4,1.0114,0.883,
273,0dbc7,0dbc7.jpg,clmp230y50z9s076ebpn94ca0,train,Eski,belt_thresher,1,6,1.0244,0.87,
274,af2ff,af2ff.jpg,clmp230yl109c076e8f1y8mqf,train,Shoshone,belt_thresher,5,1,5.0144,4.425,
275,57fd9,57fd9.jpg,clmp230yd0zqk076e7a7l8dq9,train,Delaney,impact_thresher,4,5,4.0236,2.943,
276,fc42b,fc42b.jpg,clmp230yu10rc076e9uekaozy,train,Eski,belt_thresher,4,1,4.008,3.632,
277,983df,983df.jpg,clmp230yg0zy4076e8d6xd0fh,train,Eski,impact_thresher,4,9,4.0218,3.227,
278,b38b1,b38b1.jpg,clmp230ym10bk076ecfsv256x,train,Delaney,impact_thresher,3,4,3.0239,1.978,
279,4fc87,4fc87.jpg,clmp230y70zfg076ed0fv8ci9,train,Shoshone,impact_thresher,2,10,1.9994,1.551,
280,29cdc,29cdc.jpg,clmp230yc0zoo076e96xvadmt,train,Rocky Mountain Remont,belt_thresher,1,8,1.0171,0.866,
281,847d3,847d3.jpg,clmp230yg0zxc076e5oxe59ww,train,Rocky Mountain Remont,impact_thresher,4,5,4.0104,3.209,
282,1cd45,1cd45.jpg,clmp230y50zas076e57qvbuq8,train,Eski,impact_thresher,3,1,3.0155,2.283,
283,7c3a6,7c3a6.jpg,clmp230y90zi0076e267g9n9x,train,Rocky Mountain Remont,impact_thresher,3,7,3.0108,2.27,
284,c4f76,c4f76.jpg,clmp230yn10eg076eecaj1yza,train,Shoshone,impact_thresher,5,3,5.009,3.994,
285,53a31,53a31.jpg,clmp230yc0zq4076e67paef2q,train,Shoshone,impact_thresher,1,6,1.0013,0.667,
286,aa6a6,aa6a6.jpg,clmp230yk108c076e4qpohfjy,train,Rocky Mountain Remont,impact_thresher,5,10,5.0194,4.181,
287,e3288,e3288.jpg,clmp230ys10n4076e4i81cjkt,train,Delaney,impact_thresher,1,8,1.0061,0.604,
288,78547,78547.jpg,clmp230yj105c076eh5cu2tgn,train,Delaney,belt_thresher,4,3,4.012,3.331,
289,1dd66,1dd66.jpg,clmp230y50zb8076e8lpue50f,train,Rocky Mountain Remont,belt_thresher,2,7,2.0168,1.71,
290,346fb,346fb.jpg,clmp230yf0zv0076e1738btp1,train,Delaney,belt_thresher,1,7,1.005,0.748,
291,8c058,8c058.jpg,clmp230ya0zk0076e31rjb1qs,train,Delaney,impact_thresher,2,5,2.0166,1.452,
292,767f8,767f8.jpg,clmp230yg0zx0076e8azsdck5,train,Delaney,belt_thresher,2,6,2.0038,1.754,
293,64d74,64d74.jpg,clmp230yd0zrc076e7ceoac7z,train,Delaney,impact_thresher,1,9,1.0104,0.575,
294,9ce67,9ce67.jpg,clmp230ya0zlo076egmx32gj6,train,Eski,belt_thresher,4,2,4.0114,3.497,
295,98939,98939.jpg,clmp230yk106g076e4wh96km9,train,Shoshone,belt_thresher,1,6,1.0197,0.873,
296,9e66b,9e66b.jpg,clmp230yb0zm8076e702g06da,train,AAC Mountainview,impact_thresher,1,4,1.0034,0.74,
297,e6196,e6196.jpg,clmp230ys10nc076e0b556ax6,train,AAC Mountainview,impact_thresher,5,5,5.002,3.888,
298,0a72b,0a72b.jpg,clmp230y40z90076e026c2qbb,train,Delaney,impact_thresher,1,10,1.0054,0.582,
299,7416f,7416f.jpg,clmp230yh100s076edmjf3vgr,train,Delaney,belt_thresher,4,10,4.0097,3.427,
300,c27c0,c27c0.jpg,clmp230yn10ew076e0irecdly,train,Delaney,belt_thresher,4,4,4.0157,3.415,
301,a75d7,a75d7.jpg,clmp230yk1080076edfhcbetl,train,Eski,impact_thresher,1,5,1.004,0.717,
302,64c0a,64c0a.jpg,clmp230yd0zr8076e9k0fb8z4,train,Delaney,belt_thresher,5,9,5.0175,4.451,
303,e7e75,e7e75.jpg,clmp230ys10m4076e3ssm3nl2,train,Eski,belt_thresher,4,4,4.0047,3.584,
304,28670,28670.jpg,clmp230yi102k076efomzc7sm,train,Eski,impact_thresher,4,7,4.0108,3.084,
305,d2c92,d2c92.jpg,clmp230yq10ig076e4xohgpph,train,Shoshone,belt_thresher,1,1,1.0167,0.839,
306,17c5a,17c5a.jpg,clmp230yb0zns076edweu3mnk,train,Rocky Mountain Remont,belt_thresher,3,1,3.0164,2.602,
307,2ceba,2ceba.jpg,clmp230y60zc0076ebais058r,train,Eski,impact_thresher,4,1,4.0201,3.445,
308,dd99f,dd99f.jpg,clmp230yr10kk076e5ptf9sen,train,Delaney,impact_thresher,1,6,1.0194,0.656,
309,6c236,6c236.jpg,clmp230y80zgw076e5al16y4j,train,Eski,impact_thresher,2,3,2.0056,1.491,
310,7575c,7575c.jpg,clmp230yh100w076e8nbrgms8,train,Shoshone,impact_thresher,3,6,3.0014,2.463,
311,cb144,cb144.jpg,clmp230yo10gs076e9m3ng358,train,Eski,impact_thresher,4,4,4.0023,3.197,
312,8a519,8a519.jpg,clmp230y90zjg076e9bxb51c8,train,Shoshone,belt_thresher,2,1,2.0064,1.64,
313,99436,99436.jpg,clmp230yk106o076e8q4fdjgu,train,AAC Mountainview,impact_thresher,2,8,1.9998,1.315,
314,7f7e9,7f7e9.jpg,clmp230y90zis076e34kfb9ls,train,Delaney,belt_thresher,2,1,2.0074,1.756,
315,7eb03,7eb03.jpg,clmp230y90zik076e2v510aoh,train,Rocky Mountain Remont,belt_thresher,3,10,3.0038,2.694,
316,a44d1,a44d1.jpg,clmp230yk107s076egz1i1668,train,Delaney,impact_thresher,4,1,4.0193,2.979,
317,e1c06,e1c06.jpg,clmp230ys10lg076e77qr7l9v,train,Eski,belt_thresher,4,6,4.0002,3.474,
318,0d1ce,0d1ce.jpg,clmp230y40z9k076e884192hn,train,Delaney,belt_thresher,3,3,3.0243,2.633,
319,da1e9,da1e9.jpg,clmp230yq10jo076e1xishz00,train,Delaney,belt_thresher,5,8,5.0142,4.424,
320,2cff4,2cff4.jpg,clmp230y60zc4076e1bz301s6,train,Rocky Mountain Remont,impact_thresher,1,10,1.0111,0.824,
321,fc88d,fc88d.jpg,clmp230yu10rg076ehfg1bx2d,train,Rocky Mountain Remont,impact_thresher,1,5,1.0183,0.712,
322,92952,92952.jpg,clmp230yj1060076e7kti3kv1,train,Delaney,impact_thresher,5,4,5.0229,3.662,
323,0be16,0be16.jpg,clmp230y40z9g076ef6pl8ny6,train,Shoshone,impact_thresher,5,1,5.0189,4.279,
324,30b9d,30b9d.jpg,clmp230yc0zos076e1r4i2r03,train,Rocky Mountain Remont,impact_thresher,1,9,1.0126,0.811,
325,6b122,6b122.jpg,clmp230y80zgs076e6ovi646d,train,Shoshone,impact_thresher,2,2,2.0037,1.596,
326,dcfc3,dcfc3.jpg,clmp230yr10kc076e2bko8bca,train,Rocky Mountain Remont,belt_thresher,5,10,5.0123,4.632,
327,24ecb,24ecb.jpg,clmp230yc0zo8076ehljlge6h,train,Rocky Mountain Remont,impact_thresher,3,4,3.0069,2.403,
328,a8d65,a8d65.jpg,clmp230yk1078076ea0sfdqb7,train,Delaney,belt_thresher,5,7,5.0016,4.333,
329,3a631,3a631.jpg,clmp230y60zck076e29g6fxb0,train,AAC Mountainview,belt_thresher,3,2,3.0046,2.478,
330,0263b,0263b.jpg,clmp230yf0zus076eaon40d9v,train,Shoshone,impact_thresher,1,3,1.0047,0.734,
331,66065,66065.jpg,clmp230yj104k076ef4vv73a7,train,Delaney,impact_thresher,4,8,4.0198,2.798,
332,b007d,b007d.jpg,clmp230yl10ao076ebb5y5r1h,train,Shoshone,impact_thresher,1,7,1.0048,0.744,
333,08cc8,08cc8.jpg,clmp230ya0zk8076efqe213ir,train,AAC Mountainview,impact_thresher,5,10,5.0011,3.883,
334,cc55d,cc55d.jpg,clmp230yp10h0076e1t0uh7a8,train,Delaney,belt_thresher,2,2,2.0109,1.71,
335,3e93d,3e93d.jpg,clmp230y60zd8076ehrxz35lx,train,Shoshone,belt_thresher,2,8,2.0101,1.684,
336,cb1fb,cb1fb.jpg,clmp230yo10gk076e8ov82zgo,train,AAC Mountainview,belt_thresher,5,10,4.9934,4.261,
337,9941e,9941e.jpg,clmp230yi101s076eg8y80gqf,train,Shoshone,impact_thresher,4,5,4.0117,3.185,
338,fad11,fad11.jpg,clmp230yu10qs076e30krbnsq,train,Rocky Mountain Remont,belt_thresher,3,6,3.0071,2.523,
339,48452,48452.jpg,clmp230yi103c076ebzpr3rod,train,Delaney,belt_thresher,5,2,5.0137,4.072,
340,fe9d9,fe9d9.jpg,clmp230yu10s0076ee9t6e1kr,train,Eski,impact_thresher,1,2,1.0175,0.79,
341,897ba,897ba.jpg,clmp230yg0zxk076ebs3fbn0c,train,Shoshone,impact_thresher,3,7,3.0127,4.148,
342,1836a,1836a.jpg,clmp230yg0zyk076efs6xcxln,train,Eski,impact_thresher,2,10,2.0032,1.451,
343,bb1c3,bb1c3.jpg,clmp230ym10d4076egig6g1mn,train,Eski,belt_thresher,1,1,1.0024,0.797,
344,ea00e,ea00e.jpg,clmp230yt10nw076egqaw1rhh,train,AAC Mountainview,impact_thresher,5,8,5.0085,3.739,
345,ca123,ca123.jpg,clmp230yo10g8076e7695de5n,train,AAC Mountainview,belt_thresher,1,2,1.0112,0.772,
346,e47df,e47df.jpg,clmp230ys10mo076ecdof6z75,train,AAC Mountainview,impact_thresher,4,7,4.007,2.953,
347,7fd63,7fd63.jpg,clmp230y90ziw076e51g7bjvt,train,AAC Mountainview,belt_thresher,5,9,5.0015,4.161,
348,0527a,0527a.jpg,clmp230yf0zvs076e8lrh6z3c,train,AAC Mountainview,impact_thresher,5,9,5.0053,3.885,
349,4ab4c,4ab4c.jpg,clmp230y70zdw076ebp8v9yag,train,Rocky Mountain Remont,belt_thresher,5,1,5.0147,4.222,
350,91d75,91d75.jpg,clmp230ye0zto076e7xtr2yww,train,Eski,belt_thresher,3,7,3.0144,2.594,
351,3396a,3396a.jpg,clmp230yh0zzk076ehzsbd1x2,train,AAC Mountainview,belt_thresher,1,7,1.009,0.815,
352,fd825,fd825.jpg,clmp230yu10rk076e8iwg0ooj,train,Eski,belt_thresher,3,6,3.0134,2.71,
353,77fc5,77fc5.jpg,clmp230yd0zsc076ec3blbhjp,train,Shoshone,belt_thresher,1,2,1.0068,0.815,
354,ac12d,ac12d.jpg,clmp230yl108o076egd4seqgd,train,Eski,belt_thresher,2,5,2.0111,1.657,
355,fa2f2,fa2f2.jpg,clmp230yu10qc076edue3394j,train,AAC Mountainview,impact_thresher,5,1,5.0106,3.797,
356,b433e,b433e.jpg,clmp230ym10c8076edwtz1tfv,train,Eski,impact_thresher,5,7,5.0154,4.094,
357,e2b5a,e2b5a.jpg,clmp230ys10lk076eesid4yvt,train,AAC Mountainview,impact_thresher,3,4,3.0025,2.179,
358,3c343,3c343.jpg,clmp230y60zcs076e2kzbc454,train,Shoshone,impact_thresher,1,5,1.0224,0.721,
359,fb9a0,fb9a0.jpg,clmp230yu10r8076e6rnmacyf,train,Delaney,impact_thresher,1,5,1.0013,0.699,
360,53816,53816.jpg,clmp230yi103k076e11qkes5m,train,Rocky Mountain Remont,impact_thresher,2,3,2.0085,1.427,
361,91c8b,91c8b.jpg,clmp230ye0ztk076easpw9nn8,train,Rocky Mountain Remont,impact_thresher,5,4,5.0208,4.269,
362,cf3b7,cf3b7.jpg,clmp230yp10hs076ecr22govu,train,Eski,impact_thresher,2,7,2.02,1.534,
363,943a2,943a2.jpg,clmp230yg0zxs076e8uh5h0te,train,Eski,impact_thresher,5,10,5.0066,4.088,
364,db118,db118.jpg,clmp230yr10k0076ef1k874wb,train,Eski,impact_thresher,1,7,1.0183,0.712,
365,65efb,65efb.jpg,clmp230yd0zrg076e0wumageu,train,Rocky Mountain Remont,belt_thresher,3,5,3.0155,2.58,
366,f53f6,f53f6.jpg,clmp230yt10p8076e21wp8lz3,train,Delaney,belt_thresher,3,4,3.0105,2.531,
367,dedc1,dedc1.jpg,clmp230yr10kw076ear44191d,train,Rocky Mountain Remont,belt_thresher,4,9,4.0123,3.598,
368,53872,53872.jpg,clmp230yi103o076e8s7zh57q,train,Rocky Mountain Remont,impact_thresher,1,6,1.0008,0.684,
369,750,750.jpg,clmp230yf0zws076eeil76hwv,train,Eski,belt_thresher,2,6,2.0128,1.643,
370,38ab8,38ab8.jpg,clmp230yc0zp4076e6m3ebxgy,train,Shoshone,belt_thresher,3,10,3.0155,2.698,
371,4ecc7,4ecc7.jpg,clmp230y70zfc076edbeg41zf,train,AAC Mountainview,belt_thresher,5,6,5.0108,4.041,
372,b2bf4,b2bf4.jpg,clmp230yl10a4076e0n942u88,train,Eski,belt_thresher,1,2,1.0082,0.805,
373,d7ef2,d7ef2.jpg,clmp230yq10is076ehlgd1c5s,train,AAC Mountainview,belt_thresher,1,4,1.0155,0.804,
374,e8901,e8901.jpg,clmp230ys10no076e9ewye6mw,train,AAC Mountainview,impact_thresher,1,1,1.0085,0.672,
375,cfcaa,cfcaa.jpg,clmp230yq10i4076e7y0cdxen,train,Eski,belt_thresher,2,7,2.0194,1.763,
376,3bacf,3bacf.jpg,clmp230y60zco076e0spfhpul,train,AAC Mountainview,belt_thresher,4,2,4.0173,3.4,
377,d5deb,d5deb.jpg,clmp230yq10ik076e5913djba,train,Shoshone,belt_thresher,4,1,4.0043,3.464,
378,481b1,481b1.jpg,clmp230yf0zvk076e2xfub950,train,Delaney,belt_thresher,4,8,3.0077,2.473,
379,b7484,b7484.jpg,clmp230ym10cs076egkqs0ey3,train,Delaney,impact_thresher,1,7,1.0088,0.683,
380,e0858,e0858.jpg,clmp230ys10mw076egspa6qu3,train,Rocky Mountain Remont,impact_thresher,4,2,4.0033,3.34,
381,c650b,c650b.jpg,clmp230yn10fg076eakzqgoje,train,Delaney,belt_thresher,1,2,1.0172,0.823,
382,d13a7,d13a7.jpg,clmp230yq10iw076ed5yshuu9,train,Delaney,belt_thresher,1,9,1.0204,0.863,
383,13f6c,13f6c.jpg,clmp230yb0zn4076ebm9u7g61,train,Rocky Mountain Remont,belt_thresher,2,3,2.0119,1.787,
384,c2986,c2986.jpg,clmp230yo10fo076e9zi344eg,train,Rocky Mountain Remont,belt_thresher,5,9,5.0085,4.388,
385,9e890,9e890.jpg,clmp230yb0zmg076e5mhdhaw6,train,Rocky Mountain Remont,belt_thresher,4,5,4.0049,3.558,
386,7fdee,7fdee.jpg,clmp230y90zj0076ebgavbljg,train,Rocky Mountain Remont,belt_thresher,4,3,4.0031,3.63,
387,f5854,f5854.jpg,clmp230yt10q0076e1cfb6lqx,train,AAC Mountainview,impact_thresher,3,6,3.0274,2.285,
388,14dfc,14dfc.jpg,clmp230yb0znc076e1zpf1zya,train,AAC Mountainview,impact_thresher,1,9,1.0032,0.694,
389,faea0,faea0.jpg,clmp230yu10qw076e7pr546og,train,AAC Mountainview,impact_thresher,5,4,5.0166,3.825,
390,1131,1131.jpg,clmp230yg0zy8076e5cxv3jm8,train,AAC Mountainview,belt_thresher,3,5,3.0068,2.536,
391,0d67c,0d67c.jpg,clmp230y50z9o076e143he44b,train,Delaney,impact_thresher,3,5,3.0223,2.146,
392,cde9a,cde9a.jpg,clmp230yp10hc076e9vyhhwtd,train,Delaney,belt_thresher,1,8,1.0096,0.794,
393,46e43,46e43.jpg,clmp230yc0zps076e7xtmbzwa,train,Rocky Mountain Remont,belt_thresher,4,7,4.0043,,
394,db6f7,db6f7.jpg,clmp230yr10jw076e3r7v955u,train,Delaney,belt_thresher,3,8,3.0206,2.524,
395,6e5ac,6e5ac.jpg,clmp230y80zh8076egsuk958i,train,Eski,impact_thresher,1,1,1.0072,0.74,
396,eb731,eb731.jpg,clmp230yt10o8076egml07n3m,train,Shoshone,belt_thresher,5,2,5.0038,4.64,
397,fe812,fe812.jpg,clmp230yu10s8076eaj2868z6,train,Rocky Mountain Remont,belt_thresher,5,4,5.0158,4.692,
398,4a786,4a786.jpg,clmp230y70zds076eat068ghf,train,Rocky Mountain Remont,impact_thresher,2,9,2.0125,1.594,
399,98521,98521.jpg,clmp230yk1068076e04zodhdz,train,Shoshone,belt_thresher,2,7,2.0056,1.663,
400,0fd35,0fd35.jpg,clmp230y50za8076e17k1ggw9,val,Rocky Mountain Remont,belt_thresher,3,4,3.0128,2.714,
401,86635,86635.jpg,clmp230yj105o076e830p1xb5,val,Delaney,impact_thresher,5,8,5.014,3.892,
402,b8898,b8898.jpg,clmp230ym10cw076ecgy1ha2h,val,Rocky Mountain Remont,belt_thresher,2,4,2,1.675,
403,a5a88,a5a88.jpg,clmp230yk1074076eg331gcub,val,Eski,impact_thresher,4,10,4.0151,3.101,
404,60d2b,60d2b.jpg,clmp230yd0zqs076e8og9hvdw,val,Eski,impact_thresher,5,2,5.0039,4.167,
405,83030,83030.jpg,clmp230yj105k076e4k6v44ng,val,AAC Mountainview,impact_thresher,3,9,3.0127,2.256,
406,cbedd,cbedd.jpg,clmp230yo10gw076eefxl3ok3,val,Shoshone,impact_thresher,2,6,2.0033,1.504,
407,19759,19759.jpg,clmp230yi1028076e5m9qdka6,val,Eski,impact_thresher,3,6,3.0063,2.361,
408,ec855,ec855.jpg,clmp230yt10og076e28std8so,val,Eski,impact_thresher,3,8,3.0198,2.351,
409,ae75e,ae75e.jpg,clmp230yl1090076e8jrx9pqy,val,Rocky Mountain Remont,impact_thresher,5,6,5.0154,4.278,
410,65416,65416.jpg,clmp230yj104c076eglt87jz9,val,Shoshone,belt_thresher,5,4,5.0166,4.455,
411,916f1,916f1.jpg,clmp230yg0zxo076e6hn5dpba,val,Rocky Mountain Remont,impact_thresher,4,10,4.0135,3.318,
412,e8cbe,e8cbe.jpg,clmp230ys10m8076e5efk1dye,val,Eski,belt_thresher,4,9,4.011,3.59,
413,b80b5,b80b5.jpg,clmp230ym10bw076ebnmbe5gn,val,Eski,impact_thresher,4,6,4.0044,3.055,
414,65492,65492.jpg,clmp230yj104g076e3cknhkm4,val,Rocky Mountain Remont,belt_thresher,2,1,2.015,1.735,
415,cf346,cf346.jpg,clmp230yq10i0076e9wbuf4iu,val,Delaney,impact_thresher,5,9,5.0174,3.773,
416,58a88,58a88.jpg,clmp230yd0zqo076ebss3cva2,val,Eski,belt_thresher,1,4,1.006,0.838,
417,25ee8,25ee8.jpg,clmp230yc0zoc076ee6yw137k,val,Eski,belt_thresher,5,7,5.0132,4.32,
418,5645e,5645e.jpg,clmp230yh1000076e5dss2bs2,val,Delaney,impact_thresher,1,4,1.0055,0.589,
419,b5721,b5721.jpg,clmp230ym10co076e3lzlertc,val,AAC Mountainview,impact_thresher,4,10,4.0198,2.987,
420,b11c3,b11c3.jpg,clmp230ym10b4076e8ddm9bsf,val,Rocky Mountain Remont,impact_thresher,1,8,1.0122,0.708,
421,7b2e2,7b2e2.jpg,clmp230y90zho076e8mmjc2ye,val,Shoshone,impact_thresher,2,8,2.0056,1.544,
422,8f7c4,8f7c4.jpg,clmp230ya0zl0076e6z14c2td,val,AAC Mountainview,belt_thresher,2,4,2.0068,1.582,
423,ae835,ae835.jpg,clmp230yl1098076eh4l62nge,val,Shoshone,impact_thresher,4,6,4.0138,3.307,
424,c9b0e,c9b0e.jpg,clmp230yn10eo076ehf4z2qgo,val,Shoshone,belt_thresher,2,4,2.0036,1.66,
425,15b57,15b57.jpg,clmp230yb0znk076e6uephxii,val,Delaney,belt_thresher,2,8,2.0198,1.647,
426,2390b,2390b.jpg,clmp230yg0zys076e85fx3gbk,val,AAC Mountainview,belt_thresher,4,8,4.001,3.269,
427,ff441,ff441.jpg,clmp230yu10sc076efpdjck4l,val,Delaney,impact_thresher,3,9,3.0092,2.121,
428,55127,55127.jpg,clmp230yi103s076egzjmcr19,val,AAC Mountainview,belt_thresher,1,9,1.0032,0.74,
429,a0a0e,a0a0e.jpg,clmp230yk106s076efaa72pp4,val,Eski,belt_thresher,3,9,3.0177,2.613,
430,b6eb6,b6eb6.jpg,clmp230yl10ak076e0q4peg5a,val,Delaney,belt_thresher,4,6,4.0053,3.358,
431,d714a,d714a.jpg,clmp230yq10j4076e6xr90l44,val,Rocky Mountain Remont,belt_thresher,4,4,3.0158,2.671,
432,e2781,e2781.jpg,clmp230ys10n0076e8ao24klj,val,Rocky Mountain Remont,belt_thresher,3,7,3.002,2.617,
433,5fcd1,5fcd1.jpg,clmp230y80zg8076e8ismg5jm,val,Delaney,belt_thresher,1,5,1.0316,0.883,
434,9fc38,9fc38.jpg,clmp230yb0zmo076eeprah2u9,val,Delaney,belt_thresher,3,7,3.001,2.377,
435,6af12,6af12.jpg,clmp230y80zgo076e0fbyes3h,val,Eski,belt_thresher,2,8,2.0067,1.704,
436,2c9bc,2c9bc.jpg,clmp230y60zbs076e76gif11p,val,Rocky Mountain Remont,impact_thresher,2,4,2,1.615,
437,b8d55,b8d55.jpg,clmp230ym10aw076e6m187geb,val,Delaney,belt_thresher,1,3,1.0114,0.731,
438,a36e4,a36e4.jpg,clmp230yk107o076eddrrd6xh,val,Eski,belt_thresher,4,5,4.0094,3.577,
439,e4253,e4253.jpg,clmp230ys10n8076e8rb8amev,val,AAC Mountainview,impact_thresher,5,6,5.0222,3.744,
440,8a31f,8a31f.jpg,clmp230y90zj8076ecop1bp5v,val,Rocky Mountain Remont,belt_thresher,4,10,4.0152,3.623,
441,013b9,013b9.jpg,clmp230yb0zn0076ecs1gawsa,val,Eski,belt_thresher,1,8,1.005,0.927,
442,863ff,863ff.jpg,clmp230yg0zxg076e7w7be935,val,AAC Mountainview,impact_thresher,1,6,0.9973,0.673,
443,7fe80,7fe80.jpg,clmp230y90zj4076e6ryi02we,val,AAC Mountainview,belt_thresher,4,5,4.0054,3.32,
444,78000,78000.jpg,clmp230yj1058076efgv17fd1,val,AAC Mountainview,belt_thresher,1,1,1.005,0.778,
445,c81e1,c81e1.jpg,clmp230yn10f8076eh8cuc3l5,val,Delaney,belt_thresher,4,9,4,3.491,
446,b81d3,b81d3.jpg,clmp230ym10c0076e335hfd3p,val,AAC Mountainview,impact_thresher,4,9,3.9998,2.927,
447,dbe81,dbe81.jpg,clmp230yr10k4076efbg8ghdh,val,Eski,belt_thresher,2,3,2.0062,1.751,
448,b6b46,b6b46.jpg,clmp230yl10ag076eaqs00chi,val,Rocky Mountain Remont,impact_thresher,3,5,3.0234,2.371,
449,7308d,7308d.jpg,clmp230yh100o076eepif026z,val,Shoshone,belt_thresher,4,4,4.0126,3.502,
450,191ac,191ac.jpg,clmp230ye0zuk076e42sg9te5,val,Delaney,impact_thresher,4,3,4.0193,2.989,
451,7c897,7c897.jpg,clmp230y90zi4076e5ovqa2xj,val,Eski,impact_thresher,5,1,5.0188,4.049,
452,4b300,4b300.jpg,clmp230y70ze0076e11o2goby,val,Delaney,belt_thresher,2,5,2.0086,1.75,
453,b48c5,b48c5.jpg,clmp230ym10bo076e8xje99j4,val,Shoshone,belt_thresher,3,7,3.007,2.609,
454,0ffee,0ffee.jpg,clmp230y50zac076e4xqi8buq,val,Rocky Mountain Remont,impact_thresher,2,6,2.0067,1.53,
455,8173c,8173c.jpg,clmp230yh101c076efonb9doh,val,Delaney,belt_thresher,3,5,3.0101,2.518,
456,afc8f,afc8f.jpg,clmp230yl109s076e83vd8jjn,val,Shoshone,impact_thresher,1,2,1.0121,0.784,
457,d8449,d8449.jpg,clmp230yq10jg076e65l4h8te,val,Rocky Mountain Remont,belt_thresher,5,3,5.0036,4.372,
458,70237,70237.jpg,clmp230yj104w076e162k6jj2,val,Shoshone,impact_thresher,4,7,4.0242,3.073,
459,caee8,caee8.jpg,clmp230yo10gg076egeds15u4,val,AAC Mountainview,impact_thresher,5,7,5.0096,3.851,
460,9b04b,9b04b.jpg,clmp230ya0zlg076ecfbg5k1f,val,Shoshone,belt_thresher,2,9,2.0083,1.785,
461,1b70a,1b70a.jpg,clmp230y50zag076e3lqk0pfi,val,Delaney,impact_thresher,1,2,1.0009,0.636,
462,2428c,2428c.jpg,clmp230yg0zz0076ehxwvhrk7,val,Shoshone,impact_thresher,3,2,3.0067,2.399,
463,2998c,2998c.jpg,clmp230yh0zzg076eayqphztw,val,Eski,impact_thresher,1,8,1.0139,0.711,
464,52084,52084.jpg,clmp230yi103g076e50z32zbc,val,Rocky Mountain Remont,impact_thresher,3,3,3.0117,2.325,
465,2a396,2a396.jpg,clmp230y50zbg076e9v6ig4j1,val,Rocky Mountain Remont,impact_thresher,1,7,1.0138,0.723,
466,78f4f,78f4f.jpg,clmp230ye0zsk076e75vwge7m,val,Delaney,impact_thresher,2,3,2.0082,1.348,
467,42580,42580.jpg,clmp230yi1030076e9o8nbf27,val,Rocky Mountain Remont,belt_thresher,5,2,5.01,4.48,
468,ea46a,ea46a.jpg,clmp230yt10o4076e2gdacwvc,val,Delaney,impact_thresher,4,2,4.0127,3.191,
469,5d5ca,5d5ca.jpg,clmp230y80zfs076e4ceu16wm,val,Shoshone,belt_thresher,1,4,1.0224,0.835,
470,b34ba,b34ba.jpg,clmp230ym10bc076ectcu8t9p,val,AAC Mountainview,belt_thresher,2,5,2.0084,1.608,
471,68507,68507.jpg,clmp230yj104s076ed13a7m3x,val,AAC Mountainview,impact_thresher,1,3,1.0038,0.714,
472,e8e58,e8e58.jpg,clmp230ys10mc076e2d5obq25,val,Shoshone,belt_thresher,3,4,3.016,2.534,
473,10cdd,10cdd.jpg,clmp230yb0zms076e6b8tcv9y,val,AAC Mountainview,belt_thresher,5,4,5.0025,4.311,
474,98612,98612.jpg,clmp230yk106c076e8ch7fe40,val,AAC Mountainview,belt_thresher,3,4,2.9919,2.426,
475,2168b,2168b.jpg,clmp230yg0zyo076e3fl4afwr,val,Eski,impact_thresher,2,5,2.0149,1.466,
476,f0924,f0924.jpg,clmp230yt10ps076edmcu8x1i,val,Eski,impact_thresher,2,8,2.0126,1.65,
477,69c1a,69c1a.jpg,clmp230yd0zrs076e4tyh99c7,val,Eski,impact_thresher,1,9,1.0066,0.681,
478,ea1d8,ea1d8.jpg,clmp230yt10o0076e49lif8ey,val,Eski,belt_thresher,5,8,5.01,4.626,
479,aa331,aa331.jpg,clmp230yk108g076e4xigddyv,val,Delaney,belt_thresher,5,4,5.0191,4.415,
480,f39d3,f39d3.jpg,clmp230yt10p4076ebu0war3y,val,AAC Mountainview,impact_thresher,2,1,2.0041,1.409,
481,62334,62334.jpg,clmp230yj1040076e86qug1cw,val,AAC Mountainview,belt_thresher,5,7,5.0071,4.117,
482,fb8e5,fb8e5.jpg,clmp230yu10r0076ec6nxcmoe,val,Delaney,belt_thresher,5,6,5.0082,4.366,
483,5c4fd,5c4fd.jpg,clmp230y70zfk076ea0o54hfi,val,AAC Mountainview,impact_thresher,3,10,3.0085,2.168,
484,69bee,69bee.jpg,clmp230yd0zro076e1gzk8hj3,val,Shoshone,impact_thresher,3,10,2.9997,2.392,
485,2540a,2540a.jpg,clmp230yg0zz4076e3q0sfubp,val,Shoshone,belt_thresher,4,10,4.0089,3.734,
486,be5a9,be5a9.jpg,clmp230yn10dw076eg2zp4uyw,val,Shoshone,impact_thresher,5,5,5.0162,4.255,
487,8746e,8746e.jpg,clmp230yi101o076e6xma1diq,val,Delaney,impact_thresher,2,9,2.006,1.352,
488,acae5,acae5.jpg,clmp230yl108w076e83p2bo7v,val,Rocky Mountain Remont,belt_thresher,1,9,1.017,0.873,
489,1392d,1392d.jpg,clmp230yg0zyc076e6q2h2erc,val,AAC Mountainview,impact_thresher,2,6,2.0145,1.395,
490,a1308,a1308.jpg,clmp230yk1084076e3el49czl,val,AAC Mountainview,belt_thresher,3,9,3.0001,2.333,
491,9e8f3,9e8f3.jpg,clmp230yb0zm4076e2tdp0aqu,val,Rocky Mountain Remont,belt_thresher,1,5,1.0131,0.8,
492,79b6b,79b6b.jpg,clmp230ye0zso076e24adaquq,val,Shoshone,impact_thresher,5,4,5.0076,4.117,
493,0f6c9,0f6c9.jpg,clmp230y50za0076e04zecmgm,val,Shoshone,belt_thresher,1,5,1.0187,0.846,
494,f825d,f825d.jpg,clmp230yt10po076e0tx63zvy,val,Eski,belt_thresher,3,2,3.0164,2.555,
495,3f19c,3f19c.jpg,clmp230y60zdc076e2fu7coxe,val,Delaney,impact_thresher,3,2,3.0201,2.01,
496,cd5e7,cd5e7.jpg,clmp230yp10h4076eh9y38jpj,val,Rocky Mountain Remont,impact_thresher,5,7,5.0158,4.167,
497,b8c9a,b8c9a.jpg,clmp230yl10as076e0n6pgs4y,val,Shoshone,belt_thresher,5,9,5.0092,4.398,
498,9d906,9d906.jpg,clmp230yb0zls076e3ezrbjbi,val,Shoshone,impact_thresher,1,8,1.0099,0.73,
499,e7398,e7398.jpg,clmp230ys10nk076eb6qf6jqm,val,Rocky Mountain Remont,impact_thresher,4,9,4.0204,3.303,
